,input_1,input_2,input_3,input_4,input_5,input_6,input_7,input_8,input_9,input_10,input_11,input_12,input_13,input_14,input_15,input_16,input_17,input_18,input_19,input_20,output_1,output_2,output_3,output_4,output_5
0,0.3745401188473625,0.3142918568673425,14.203164615428776,105.16817211686077,-0.7937522623281348,728.3455426177707,-831.0649369278354,5325.894325515858,0.07072386343133986,-5.842274897079454,5.18513292883862,-1.7686292937464145,0.007824368763361204,-93.68277103487159,250337.71711085486,0.0003816357027243613,69.1867324718743,-0.6835567769355997,0.47825069914974006,54.22651413201663,0.26170568373590597,91.50900684070432,9.536006570213186,1802.585679579813,-31.879166683741673
1,0.9507143064099162,6.364104112637804,-41.58600350049512,153.1354631568148,0.8051058133591333,582.4867297097084,-721.4096609680414,518.2353682242691,0.015253904291426135,-9.469355922523606,5.541900947378358,1.8764105205632453,0.0012212822481292135,87.24244924873796,250857.2946594859,-0.0004163624474053801,82.33715621155207,-11.35004243339736,0.3687541797295035,-494.7703864570873,0.24697879907199982,53.302886724614,-7.785588133473686,1572.0486433693009,-85.6576222304698
2,0.7319939418114051,3.143559810763267,-33.837128590538626,154.06351216101064,0.01050474489571429,378.57485465769497,-822.9895157232531,3366.0427819392057,0.05762883601668132,-6.371291298204054,5.872945835876409,1.5351435398537028,0.0011991119637609754,-89.60574326970551,133004.28424018866,-0.009487158683871287,72.6656402226988,-13.763677338294809,0.17662570425103208,260.99076002809386,0.9062545805210367,15.7954822835348,-1.5490314337611082,1512.6677259564165,-18.0742210209536
3,0.5986584841970366,5.085706911647028,39.85541885270793,163.74299014982066,0.6529149322154832,832.4155177362538,-911.2974662429444,1344.1467693897425,0.06067150463828559,1.6608312193938435,5.732224886409561,1.7110091327808519,0.003912491972345871,8.259267060214086,762761.8135590765,-0.003175043447476873,85.49963058319372,-9.877162743195118,0.1482677906438276,-464.6886450597609,0.2495461998495061,69.58991181688025,-9.159506496571893,1293.4888232081216,-37.75650098732128
4,0.15601864044243652,9.07566473926093,10.642905965958995,172.60913337226617,-0.3599007979387765,716.2580552984914,-879.3641288993992,633.7497047276775,0.0424130671302386,-1.5715089881500415,5.80656114786145,1.9796312905857412,0.0053977887136419924,41.812103890183295,697424.0748596246,-0.002396087624282859,56.94238427460934,-11.209766227341797,0.17485161487292478,245.73378273123217,0.271949726128631,79.32613504382545,4.798082415338607,1931.7537194328165,35.424127947001864
5,0.15599452033620265,2.4929222914887497,-49.08029483833703,197.58520794625346,0.791046456992401,246.35524541040218,-539.2212319672742,9899.602323899453,0.07364442356247229,7.853434221539498,5.6587833667107175,-1.3044190031220508,0.007933666760270141,74.19382474921713,527167.7881748325,-0.00202354438206199,101.90597909082703,-17.88670631476512,0.3873267655905909,-297.5194398347626,0.7593982624179637,31.67616770675267,8.361531043983014,1397.0150412371918,21.155849890538065
6,0.05808361216819946,4.103829230356297,-39.85284571339679,151.63003483011954,-0.22159664253167377,919.8344660444582,-793.6662815942075,3223.5384497472296,0.09343670147690149,6.3488712347688185,5.692276564517853,-0.415031924389365,0.007149658389458548,42.81738642648557,859753.4040722774,0.0016034473845466454,56.76125635922149,-7.183473706195876,0.3306853055352072,458.0734801193802,0.44973984245054,85.7179256998753,-4.399253408990211,1087.0927667957715,-27.081254360491997
7,0.8661761457749352,7.555511385430487,16.350176910805587,132.2956472941246,-0.9783246970394033,840.2835186308521,-635.7301389519246,8098.744458546349,0.09255685129067764,-3.1636529660424806,5.849195651565319,1.0329539028163652,0.005013124357390736,60.345616613958356,825103.1376550478,0.0006720509345375693,130.03565078223616,-15.679236349808008,0.09259778393373397,-132.0592486979155,0.7767105569551812,90.61432547657664,7.166833535982416,1617.0665161178013,-56.42148914900198
8,0.6011150117432088,2.2879816549162246,-49.49384161537813,179.51861947687036,0.8107639528385273,954.8199219627317,-496.5827291451431,2546.4065476376386,0.04508393714041321,-4.81153133137415,5.249668008859186,0.7840824722151689,0.003462639996534993,-32.10996149143878,626818.9279570769,0.002158101855868892,73.37120819104331,-7.608240902043409,0.08705466766704217,-173.0683836619209,0.06536615756438524,27.690448737780894,-4.155635390762045,1113.8383934766014,97.60719323111837
9,0.7080725777960455,0.7697990982879299,-33.91919485825014,127.08322512620742,-0.8174266464277329,753.147557549524,-309.6051713706347,6815.027222239292,0.011323804584075526,-2.4061518366546615,5.48942496364314,-1.3844163746405798,0.009974120501419402,62.96502274930245,881444.1524619327,0.0052976652308425656,104.00119146045105,-6.995978152036933,0.04919782485669866,-351.11194966755534,0.4875711936733843,98.3521472715222,8.215403232878305,1345.2231428016921,-9.199675760777026
10,0.020584494295802447,2.8975145291376805,4.873378936658611,143.8971420705636,-0.36137272481917027,652.0736763422109,-960.687860158901,7602.278598896865,0.09848411989623346,1.8058988502961544,5.221209441819602,1.263332499962471,0.0048356317201237575,-83.97703072306497,285257.08903309144,0.006259714774321868,138.0079087561458,-16.95950293742704,0.33015135985066907,-194.39578450978513,0.03361360018328263,14.071152804875842,5.079238071935679,1507.4119387178089,37.654847156047424
11,0.9699098521619943,1.6122128725400442,19.189519769269324,107.84563813422659,0.9001239341016098,476.418732661557,-200.58960109095733,5956.387406078443,0.08388980864459342,-4.638727183542475,5.987668007996647,-1.1022377126533573,0.00506248321896708,78.96333121210552,200727.6574579551,0.004362461524529888,115.08773690471942,-18.773007457786637,0.38218633111086797,376.65076182820053,0.06265320345535452,20.201566840248997,6.098135536828771,1874.2225246851758,-71.88940648432785
12,0.8324426408004217,9.29697652342573,15.196125950260054,102.53507434154575,0.9012142938751122,939.4556350186119,-372.09961050909226,4715.7618855015835,0.012466268120326685,2.4829781569826803,5.944059339686613,-1.1047295407095077,0.002472614390725023,9.518475230747242,342774.6503652907,0.009110473919098696,103.29577865513353,-4.384768278631203,0.132523214162502,496.33433762724735,0.906437453344411,18.422483923802613,-9.639868887990911,1493.5465803401187,-2.8820600681204382
13,0.21233911067827616,8.08120379564417,-27.57306905394402,196.2648414677925,0.14687577624657222,879.4575005503675,-918.2409680511281,4118.409141472685,0.09208418826173724,-1.811766956175191,5.0394268113685055,0.1478976915736543,0.008153285938749366,63.45955399249874,151378.17048038336,-0.009635348346472767,82.43337531153756,-10.803991524613597,0.010472480515456406,-131.69046949315168,0.13924537111759516,89.39897100078704,9.25620714148052,1702.2587660316642,-94.4926560261069
14,0.18182496720710062,6.334037565104235,21.217922134753593,183.59801205122056,0.26367442433959853,140.69680309557046,-126.42137589322283,3488.682665429953,0.08698963620621283,1.0409436170396056,5.7055751725156885,0.3717597393668126,0.007243140032033399,-9.536343096339976,578052.5752009288,-0.0060844402863290785,83.3001913058198,-18.836724089890485,0.04108583373821367,-51.38936904545744,0.5324206822752171,65.42925523249619,4.533419841406465,1992.8168389990703,1.0910235820899885
15,0.18340450985343382,8.714605901877178,-26.275091250319992,169.5974206093698,-0.10310895604336046,123.73027704752681,-79.12759946818687,9295.29144247826,0.051883805712607214,-1.2774694172936663,5.925248317415666,0.3203448313512447,0.0029869265150988438,28.715539039304986,942945.1230654654,-0.009848742500437158,116.94869551981901,-0.10267365660465799,0.48393001742251524,222.070938202737,0.41109560260070654,15.210428322227287,-3.904978092277334,1131.4891198979817,92.80348142354046
16,0.3042422429595377,8.036720768991145,-17.460030184073226,140.89529444142698,-0.41357845660387094,438.8170301902446,-938.9220401451363,8306.194077877291,0.05912754357449293,-4.110684809161647,5.180575345127334,-1.6340526504089805,0.0017414294105425844,5.280532187222647,135409.18660165867,0.0029494942830920606,149.41393612211675,-18.844388780072666,0.14772238873871013,386.19578046507456,0.3473433262588427,44.032341836834895,6.58789329717694,1274.7315255195194,-23.15865740283995
17,0.5247564316322378,1.8657005888603584,24.649140511802415,117.32943200708458,-0.3426709092601681,829.4979977036496,-723.1223518527963,9650.269106665126,0.03990027038701303,8.969066139243132,5.567945230552629,1.5098434505215215,0.007124493718672418,46.317904351066375,209898.9226090241,0.007960610978999737,116.18391898493786,-6.099295422828936,0.3846115739190668,93.04433418678411,0.8998333456872725,61.529802506980204,-4.369576031701401,1394.5760755976464,-92.20079748501769
18,0.43194501864211576,8.925589984899778,14.963289904721464,115.6437042671086,0.34503691215407684,988.54851638345,-193.7987202069387,1242.9722348554474,0.0054761638822031335,5.272115883195216,5.915488297588042,-0.9375998296451757,0.006890600928530218,-83.67400359388208,506979.12545509177,-0.005130354068474015,105.77834173700249,-0.3264214947317292,0.3123317844271319,-108.47430182217067,0.0218233967754895,8.34640849893833,7.455076791322558,1421.8281785388313,-93.80884181613129
19,0.2912291401980419,5.393422419156507,34.922341049417795,125.02428981645953,0.50474905887536,235.37520199317535,-251.74030961634162,7308.674752036442,0.03351972416459009,-7.1977364846709495,5.033945978585799,-1.4819403148687833,0.003459335742983884,-87.92958320188724,940487.5157751144,0.008540690895926134,123.06505102392461,-15.216397915681487,0.19096981982644795,-87.37815915137628,0.6637896861755891,88.24163684073388,-7.74839219176126,1411.0210752655457,-22.40264801062611
20,0.6118528947223795,8.074401551640625,15.761289230034336,154.92266647061206,0.5831580874516971,634.7176438169216,-815.4789806436227,9383.404568210379,0.08028534485980116,7.369359517958255,5.69742026724684,1.5549923194759088,0.009557772060253693,-50.57935319797071,384540.4944790755,-0.008794652194208783,96.52056122837182,-17.155012626256077,0.10284363109777755,195.61814649680684,0.9633944342135504,80.36035354415351,4.073719549215916,1907.611002556555,-67.99501270736118
21,0.13949386065204183,8.960912999234932,6.8308603335471645,171.45959227000623,0.5792362855891078,442.80177096791937,-790.6506766632897,1812.3306616566015,0.0004632023004602859,-0.25137603500972716,5.297349007372551,1.8226059929190135,0.0023595210260281023,-68.09106397736232,556511.3278195532,0.008688720536110287,56.014234260078524,-17.572301211551423,0.060693209079703214,-496.78173639572134,0.5601681834618419,50.52067735766382,0.8139695328982057,1714.0326444668565,-95.32958073436282
22,0.29214464853521815,3.1800347497186388,-40.63252321719075,166.01973767177313,-0.8175877939026193,972.9229580331429,-629.527897208618,664.962673667775,0.03334991716911442,7.891044537881829,5.924396195376531,1.4485104690618025,0.004891013209383418,74.35671331844034,137415.5731453529,-0.0029675462552073116,106.22968158779098,-13.934497048648089,0.3075064840194333,119.58933745984064,0.9368224620330918,96.71266152591704,-8.069310596091183,1607.9052140907038,51.24272279003537
23,0.3663618432936917,1.1005192452767676,-13.228419694056647,127.99338969459428,-0.01115939059483706,857.9070308221378,-515.4770148089787,7411.20649290059,0.039816869359094335,5.997105118946305,5.971058245165368,1.2380642988995123,0.009492543281508392,-56.15720252839114,233508.88086587997,-0.00797158343101567,145.762528450538,-17.979083779787068,0.387316890318894,-144.5069895586426,0.05225787928602377,41.77609792750997,-5.16212343482322,1309.372717862782,-8.29539822362186
24,0.45606998421703593,2.279351625419417,-23.479763231827455,195.4865280663194,-0.8848824799667114,854.495834240024,-381.745228469704,5744.731131799119,0.05373956029379229,-1.4957299106153314,5.944266489113434,0.6209679225560869,0.004777545852335101,95.17305116382627,987967.1106629622,-0.0002825648162734871,67.53029423576596,-6.156773166117361,0.32195212677056534,294.19733127708423,0.4187933190741614,98.41103190364979,-9.751919274453705,1823.7903842212947,-42.15104560546909
25,0.7851759613930136,4.271077886262563,-25.601035662091643,173.78969166957685,0.09905776464747107,521.8238438154733,-631.0863604302276,8418.28776758272,0.09198556164127605,-9.550613833597652,5.474214216657463,0.20342948243655723,0.006746733528976771,-32.620841645778626,968606.826792441,-0.004864468645589841,119.00048908206658,-18.754164037398745,0.26515106662457916,-407.00936017686786,0.26015779096205116,66.79199988036271,-0.6246406907098834,1955.060511484989,80.01663660329615
26,0.19967378215835974,8.18014765922493,47.30105547524455,155.43540525114008,-0.11693899725324597,473.33755210389864,-537.4652838668521,1397.723766262895,0.03463459943659613,-4.626452812301078,5.862042650989314,-1.6520529603543594,0.004578349581665149,-63.576416862260146,104445.98284096866,-0.004302541960761543,70.09336886590565,-9.811557437004206,0.020975611715818132,88.2022669483905,0.7308209649807298,63.467127325394145,-3.9746947847999925,1821.1982825502264,-76.77220795989487
27,0.5142344384136116,8.607305832563434,-10.690227533323963,161.1720746234352,0.7754083655165995,346.0663647376356,-252.5290618662434,7952.673118598902,0.03469532018962277,0.8326842932173388,5.8445493985350705,-0.3661871477172052,0.0034679368211380304,57.93970142849582,956630.6068809151,-0.0038542007014742688,103.58276844730813,-0.06606292294046412,0.4842443887971919,-19.027110113876233,0.9812970904972467,16.5954895295785,1.9671496859551763,1001.5651051914729,91.18376579106385
28,0.5924145688620425,0.06952130531190703,39.20465551771133,141.960006242779,-0.2981699748958426,150.7379469858344,-963.3167971094022,2016.2732004774452,0.07375012481097484,2.6695643965229454,5.319100473243256,-0.5092459319507441,0.009855798831638455,31.74155510017522,675207.9440339503,0.00606051795665327,59.667644964671965,-3.7205946098796225,0.3993570958272873,142.32552590522744,0.2565300624442478,88.1927758304644,-4.055243845827656,1636.401370183407,-37.206656524529436
29,0.046450412719997725,5.107473025775658,13.11386259972629,124.77309895011575,-0.7658659671447883,878.2501386295479,-747.5630556559793,1636.5594286570451,0.04522179408898072,-4.842246291335954,5.828915474150677,-0.9609848649586952,0.004684006056835388,-0.36085670937220016,881126.4650680199,0.0007832255335050893,95.03709362581851,-7.695611235379783,0.14641101835048237,-435.14640551703167,0.6541746014740745,42.74896879206152,-4.001617769860307,1051.1353814421007,77.68073446173625
30,0.6075448519014384,4.17411003148779,29.481130354164847,135.59726786512616,-0.7140166358943283,831.6109082170698,-286.6504141154476,1642.6579793099295,0.022460482293998198,-7.212878518543517,5.037007634715493,0.8936804547543398,0.009046892833112212,11.07271018752624,509265.8700704732,-0.003773846016879927,125.61633288952461,-13.874927584267766,0.4899851646794253,79.98378742813134,0.19809763275974013,16.223340578247935,4.863863974632068,1257.607220333722,20.588575295892312
31,0.17052412368729153,2.2210781047073027,0.26370931051921076,175.7846110464369,0.5230212634349445,999.7459059575175,-104.79316231280063,8145.747202313821,0.04524395161326934,6.698604735985981,5.596269878482053,-0.01649705968491677,0.0030695914530197758,43.840355654452765,564036.4257213252,0.002206675666218367,84.7571524238982,-7.52208327416723,0.30094079481816105,61.484587959523765,0.5653302545716099,1.260751997575904,-9.03714328043293,1059.5247003477716,65.34147194829748
32,0.06505159298527952,1.198653673336828,7.690388462635909,101.43934886297559,0.23643612663252211,996.9731533665148,-488.3225578843339,6651.972206962001,0.014085702037979986,9.688043614071042,5.230008837287703,-1.6758151363694083,0.00291794233622575,-54.309051733740255,539961.9222312281,0.004323013484463871,116.4911724487218,-9.459170721766966,0.29121132910362324,60.66009441617098,0.4639324866883362,55.975568363838256,8.057899903839743,1603.7954529493877,96.80263264209285
33,0.9488855372533332,3.3761517140362796,-0.7482306181136096,111.60726405069163,-0.7977546477544195,599.8885350423648,-467.8865147346844,5230.654247691194,0.01763869865062233,0.5138036460537165,5.120566885777279,-1.1192671922007547,0.0012802067459606022,99.26678321134838,700177.8317914939,-0.004547519985329325,129.54499607897293,-11.478332322192571,0.37403658971476605,103.4876665964548,0.9720053296315371,52.739962212267635,7.045277487823629,1686.5899134926067,-42.318912436250855
34,0.9656320330745594,9.429097039125192,-30.47570122019555,104.60026420217528,-0.8317863877700051,792.0886736624594,-892.8279886602239,3588.304841235025,0.049836777273947974,-6.5664142830339305,5.076953201629209,0.7330350546383837,0.006865001428382966,94.95863242935661,225686.1292806816,-0.0017290179694929696,142.71778194794527,-17.385792465196012,0.4058848940450688,176.4679372263622,0.6085272726964666,71.93536223691585,3.35609366452813,1114.4876380659052,92.2270970815186
35,0.8083973481164611,3.2320293202075523,22.245211526150527,104.07288023189702,0.40193826291824,950.2891568941852,-552.5876331765453,8772.005408131083,0.041892544950454795,-4.553853469612621,5.6962887758781395,-1.6954765620387993,0.0043167370935138505,30.065137269387378,126976.23088541016,-0.007562278133261048,73.46420818554535,-2.2679156951906663,0.3282393036657513,304.9889996807698,0.3495063720868188,89.02580530178021,1.8644314021476855,1383.8388830449794,-22.103621019515927
36,0.3046137691733707,5.187906217433661,-21.92276375591442,185.5460584011007,-0.854473987271613,864.6826516096703,-467.3827335449769,3924.4510742263537,0.09148459010681001,-9.632186469050666,5.339874963768066,1.4048276561950748,0.008779224248556735,-60.091509814170976,377136.94743207184,-0.006377013009306393,89.93159158093081,-11.00430702357355,0.06404787318310001,-230.17927987178564,0.11409578488793337,7.9406584643029525,7.846049962793046,1456.236508955542,-22.89761905261554
37,0.09767211400638387,7.030189588951778,-47.56840335685462,170.36578593800238,0.6437201185807124,322.6132915688779,-757.5294963652703,8165.994394715771,0.03623938991166331,8.285976131209981,5.724766771528762,-0.0194138919441027,0.005258889160224015,36.04564848625827,734212.686462982,0.0036223570792996568,65.24160133304174,-16.1075497635847,0.1691337529972492,325.04941018006207,0.15124682873493456,73.14964903403623,-6.293396409425711,1369.0530217609166,-31.922579149098866
38,0.6842330265121569,3.63629602379294,14.547229590716782,147.41738290873252,0.4124844543129924,505.48972177908416,-730.756769050619,4391.349085702184,0.058058835027804345,-7.644978342197177,5.065356340798942,-0.077653690693408,0.009713740851232496,-85.56031820416483,281668.1069106535,-0.006371233046087461,149.24835021583752,-12.644812982454209,0.46404182016302487,-1.7443177365463498,0.2253169299512351,18.741194409758222,-8.420616756183428,1121.025000485193,8.281521469517045
39,0.4401524937396013,9.717820827209607,-32.28893205929511,109.78341606510014,-0.8373024387162005,216.24347363634547,-622.7158368953774,3769.444294249076,0.06322642879195305,1.5303295102850711,5.315290337830611,0.3696311386380704,0.0026697296413280905,-93.86949955883878,706089.1899924256,0.0005032676733412039,142.70009679242952,-11.717404949421459,0.11230780592192596,-422.94172086566886,0.250966661340298,85.8177053157164,-5.209796601809238,1418.9477901874754,-69.17099136430258
40,0.12203823484477883,9.624472949421111,44.045858435291436,149.16158751168325,-0.8303245718296162,958.6459245328501,-979.9288022222736,4626.797856696065,0.0013094456588333637,-4.51889558625588,5.539491292375337,1.2987238637005967,0.0088176085116005,-48.46342229775726,972920.8414965434,0.0041809252344486535,103.99571302805596,-3.4492420886625155,0.18608351191875666,-441.4490707560208,0.8506160578411378,81.90635138616561,5.891565574003806,1751.1780478084181,10.742297071602238
41,0.4951769101112702,2.5178229582536416,45.39285770025873,147.34717707805657,0.9732791570023509,645.557171005792,-677.9208344168217,3013.7787416414208,0.06635373720167106,1.0835600503158673,5.790723164838964,-0.6087631683912278,0.007989371675125676,-7.4754086521367356,184510.64421047654,-0.007862461538105124,134.20332943764214,-5.327712388771959,0.216038441472098,-165.7616813039392,0.5612227882825249,54.07937549855444,-9.306594665470334,1071.0076645332554,8.340962482000805
42,0.034388521115218396,4.972485058923855,41.48643902204485,117.32018699100152,-0.25145840848775936,305.77852495311646,-788.5519930034553,7476.093801762511,0.017803596686975145,3.028407767037285,5.31875250293207,0.7120646102362542,0.007938296601796468,73.6545010816761,705341.9064026136,0.0013462443925780707,102.09579772720423,-4.613902127173205,0.2197024948472261,284.89697711146755,0.5233909113743664,71.02427986233116,1.6561367016697925,1080.1800140819034,52.38036252097399
43,0.9093204020787821,3.0087830981676964,-12.984129974455563,143.3851649237973,-0.25871570586621817,704.5306159652711,-672.5026478220854,5027.203900924792,0.09610703174694551,6.594836074144034,5.625891376437009,0.26292785598316426,0.00860304905305199,45.43381395326159,499375.197374114,-0.004868744325972725,112.35856880027598,-19.779374711427057,0.30646979124726276,207.68093474091575,0.11476887186921747,31.43501131837484,9.908750323826197,1354.7712918359844,66.72999238751711
44,0.2587799816000169,2.848404943774676,-48.45433834711326,139.85047343973736,0.6255991345150052,656.3154164121063,-880.2378681807488,2322.126951468173,0.014866272775311296,-5.871574564787936,5.885977748236187,-0.9318869193223147,0.007849215918486991,48.54130423999621,881328.0289397548,0.009258537504751597,58.91244321160166,-11.67692003640477,0.4715379188723538,288.6149646724065,0.860139693349435,47.116789893281464,7.113921876750787,1941.725711618925,-11.91172993751519
45,0.662522284353982,0.36886947354532795,42.83185625877253,161.58500980522166,0.8944971547677174,422.3464462295565,-109.47271926010501,8995.745732745685,0.04146241237270237,-9.780083426830391,5.6158631881823045,1.514519945420632,0.006635982894682739,-14.901333110384925,259434.8105026473,-0.0003290870656015056,125.52704204968079,-10.373116967293527,0.12034635591625248,17.269056441609337,0.7228143032084837,82.16368977104716,0.4289137808717882,1668.5726467229142,-39.53335012970125
46,0.31171107608941095,6.095643339798968,-7.181585168268569,163.50936508676438,0.9720021276457418,202.2018329796661,-406.4075464459513,3838.912213732114,0.008534966807864386,-7.2622873986238545,5.232959474753634,1.1897040864277124,0.0021812038991414883,-30.81300149060742,723363.3570035481,0.006119850995503164,62.77134836352349,-19.616154463538866,0.06075068815045903,-59.80100204450946,0.06766836190000158,45.92651971732139,-8.727181814267153,1678.6699566725647,-48.13302053658111
47,0.5200680211778108,5.026790232288615,46.665481904366956,104.53040097720445,0.5067563705178832,704.4158760335197,-320.89768085551043,5435.528611139886,0.09968742518459474,8.0003728369621,5.024400781556538,0.633807338633702,0.0012927356154212673,-25.792247403079458,854303.7606832992,0.0010045308431252346,132.60676302525283,-14.803735825099317,0.09873524492996866,-352.54747329371605,0.7078350972297687,35.77982653254418,6.627470287714196,1361.919990837865,-61.075232659025616
48,0.5467102793432796,0.5147875124998935,46.36199770892529,137.46126146264712,-0.24748082893816847,568.276930813414,-210.8287613926617,9064.72110964547,0.05021950103312426,7.477801551250305,5.87009887390093,1.4023269163769676,0.009287630630341184,97.52991274721157,950152.7975266209,-0.009131749342903617,128.2028087670386,-4.7942035375572996,0.44346245010463475,-171.80724639068848,0.5435382173426461,49.421244725029986,1.97957016354421,1593.6607912085383,-88.47048356019502
49,0.18485445552552704,2.7864646423661146,35.300945546736,162.58599157142365,-0.8329985666026625,795.0865525620754,-501.55780107094273,6242.379959139921,0.05953850173200438,1.9482620434061655,5.021269410850387,1.4691768038392095,0.006549852830686643,-91.9781617175035,714923.2254606812,0.002663027511880448,120.87446977429764,-17.25780588542002,0.322905406327603,-65.98063382612474,0.08172534574677826,82.82492524372184,-7.701340058808663,1010.1311840277434,-31.51040423305733
50,0.9695846277645586,9.082658859666537,-20.555110793041433,150.31362585800878,0.5542938318548736,568.1471510007941,-913.0797119125763,1168.9804070836408,0.006707647738842748,2.010337208673068,5.8747016726842,0.8334519068601391,0.008168835618785588,73.40629922448971,547457.2876075846,0.009028066844133141,53.61603805247621,-9.293797370948166,0.14295339461958007,-411.39957032038274,0.45830064152865646,33.520804737087275,-8.122854303532876,1636.0960464095422,-45.95046157384335
51,0.7751328233611146,2.395618906669724,-11.490227139807473,185.64898411883223,0.1168084994716101,866.9633502866861,-462.8934581814523,9398.32123613475,0.07499604703991779,3.3007334909251096,5.5289371340272115,1.3480533134546882,0.005333701163612951,15.735081714478682,656062.5161810925,0.002032236402926624,80.31283559453286,-15.69596255965525,0.4079734694843086,-279.38804728878875,0.484696287130047,17.37615931357438,8.192536388731849,1913.2869475762368,93.28347717328148
52,0.9394989415641891,1.448948720912231,35.11366715168569,165.8693631618945,-0.15155598150604743,596.716154897037,-413.1588819791209,6277.080530714178,0.02099055930955858,-6.492574427531008,5.939067698512896,0.7898858466771346,0.0020557737006615504,-12.276916162081903,882014.4860308464,0.0063837771885358035,76.31125699108429,-19.757584507122136,0.430684998181718,98.22529406373883,0.16577454016327575,71.20140203307808,3.3840052587615688,1612.573468344819,11.54176525000878
53,0.8948273504276488,4.89452760277563,-18.307799484372232,116.29344270814298,0.812708770189472,604.8441743818477,-254.56052581566996,3349.056146570861,0.08980542894407138,8.288238918499196,5.798783235773666,0.7205630870412016,0.002126672129822954,45.0515320830273,613548.7719749467,0.0076841292669681555,86.01364074715191,-15.17597084800917,0.423257169345139,235.6631142391899,0.9456981470002823,82.59782127080818,6.585735986335109,1873.698593466345,-30.544592193898495
54,0.5978999788110851,9.856504541106007,-33.05072533139075,107.05687474004299,-0.7776050353876973,888.9882423925105,-568.3404537703207,1392.7207266338726,0.020513964048200717,-1.6245895021585373,5.997934110533338,0.4744455128607372,0.007170087585060743,-2.6662117150594327,127348.35372715318,-0.005438404561021351,58.764274676383856,-0.48252490179892504,0.4594632668197772,498.3475113929496,0.8499753714806619,10.063747852353334,7.579578005645345,1723.9730554660937,16.0935201987392
55,0.9218742350231168,2.4205527151150044,5.680126245835012,164.24192782063156,-0.0147497914182817,463.1345795911573,-872.4196972044363,7940.25189270296,0.01906877206636666,-2.337229435010051,5.35071181545171,1.010866558230565,0.004872753054095165,74.68464761633211,937853.82595628,-0.005759103201835467,143.69578230310628,-3.9692577623402094,0.1261205100866808,433.11333134355766,0.6690223373291083,23.98741127559447,1.4354470409664444,1120.5584164036902,-72.1606597308609
56,0.0884925020519195,6.721355474058786,43.61547741607809,102.65113105416218,-0.9772927104651619,220.61370560557665,-716.2240942012755,6200.727559285136,0.003654966784809488,0.37835410565675076,5.767188288931127,-1.3655795788277052,0.0028047225403030306,80.1403728022517,720574.075928405,0.0022196197770198347,105.38022407123762,-0.8084671135793329,0.37752096437313915,142.56519953519148,0.4622955610006072,14.19719897609939,0.3489270351008251,1902.4533072858417,-11.191250159559416
57,0.1959828624191452,7.616196153287175,19.602979667497294,158.57755812734632,-0.06267871601174746,125.90440868200508,-636.9177036013649,5334.610919763215,0.04720669451099993,-9.0606806644989,5.401930913609242,1.5234830367957137,0.0054243509206729325,-15.65581462530892,708862.0471995219,-0.0017794306038659054,80.55243106580235,-10.24291912147275,0.23026974863707,-78.75194670592799,0.4117655415845085,34.79414115821666,-1.3914517935801953,1066.443844355775,25.246864284212762
58,0.045227288910538066,2.3763754399239967,7.006117008936499,194.02302414249576,-0.8873934486363253,779.6235301062571,-354.0827586683988,8938.925830509577,0.056484113326261645,-6.674332624878412,5.4798756203039085,1.487374110980928,0.0015778804336762067,-44.63444055298969,294107.6371579454,0.006797226057334406,89.69815170742834,-17.80527602644993,0.42099927644503077,136.17736470823274,0.6509734671509542,45.035097890541266,-3.6610682441776143,1533.967472547764,-2.2204336415097288
59,0.32533033076326434,7.282163486118596,-40.28235062292315,157.5474177875879,-0.7623641674638562,658.2785962181182,-429.2216953310881,7885.9721122453075,0.006570863942835237,4.760672328527409,5.62750546321837,-1.8830108678617634,0.00623774261722959,18.470065718672444,692996.9232093915,0.008000462467960224,94.72025405048356,-9.04081022052614,0.3642453385808066,285.65161808023197,0.5454318694069055,74.88263369633064,-1.3080807828257655,1142.1371237934577,-19.64423986913515
60,0.388677289689482,3.677831327192532,11.500722669916975,138.8169926206522,-0.7649475064457902,733.6717912893013,-643.9032741021538,1516.7487973275117,0.07755276166950106,-8.344026641497472,5.873677114186338,1.3032670022590507,0.0034209406399158793,82.47266912333819,454477.9650887426,-0.0029315724139456377,110.05943333606173,-10.912453308800782,0.3882237232498623,-381.66380907661267,0.062273105881885615,65.11475848816741,5.477593114603128,1011.7066107309041,98.76967777993963
61,0.2713490317738959,6.3230583059357945,49.00538501042632,164.32882184423534,0.29842060423212713,291.66774535801966,-13.484751207020281,3117.220677955482,0.04532888347480277,2.0630421893277635,5.9840834691992955,-1.4845205301062192,0.008178031905734694,-57.867562198866686,686109.6793373429,-0.005262588820510359,101.56794276964978,-3.1128583452076803,0.32808091884053575,-90.09511030371175,0.5125026487703317,62.092856747843115,2.0384686203026305,1422.034260127639,76.06295242978541
62,0.8287375091519293,6.335297107608947,-35.9915984763476,145.82528904915165,0.4920897585308466,222.7343280280928,-394.2251806431128,2484.8913981446576,0.05243902693275801,-5.093017806373581,5.768273413864518,-0.6595245829634324,0.0037932576303121644,24.59331671269655,195933.72727719165,0.005610510304877237,141.93919732144172,-18.038348384315107,0.08871438473485344,339.8022856356172,0.8064036172328395,35.23749466096544,7.8504657990969235,1295.0407076541562,24.681191631888026
63,0.3567533266935893,5.357746840747585,1.8329652363736741,154.5616789315935,0.16673753019431925,113.09019910109373,-762.7732082640055,7439.46292572677,0.04407627469382282,-2.214087719160469,5.417766782167334,0.9740330251664311,0.005096981341736211,26.31204401850411,692060.7741427324,-0.004503879289037278,99.69634829058302,-10.235177259564436,0.27251345944846916,-116.167048066956,0.45923987759695806,84.144755308476,-1.1323997124162446,1486.000493797603,13.87547223645656
64,0.28093450968738076,0.902897700544083,37.73730719279554,194.14648087765252,0.9243450969490838,415.52880292593727,-898.2175273795963,335.32434735779384,0.0400763060875326,-4.226125264586003,5.4213570022770705,-1.3569604158067672,0.0011045848591729058,46.62260448305619,999472.3531935998,0.0064522863702735685,149.21580148233127,-16.999026706120315,0.4923348697622541,71.8722712271865,0.05195657755426841,47.128716739816454,2.1417915743750804,1577.1998867345508,24.132095964916815
65,0.5426960831582485,8.35302495589238,24.07686177542044,138.61026378007742,-0.2502588409525919,630.9259181691698,-847.140860815668,5698.896848713165,0.055964033130821794,-2.8865456707010173,5.737582301588891,1.2718680964762488,0.00165202199015103,-73.68646297454804,143390.8349745004,-0.0015252349270247437,135.14249577450957,-13.506481462198801,0.46869403324855946,87.76936086219825,0.7862781993840331,97.91049380151546,2.6261510618397743,1043.7390723089475,-59.73757843551335
66,0.14092422497476265,3.2078006497173583,19.701574099526795,196.11905638239142,-0.42857582743627853,453.0196405897591,-754.0422716154919,7624.586857406905,0.015524024593071251,4.380918103684909,5.238777145768302,1.3285367118309677,0.0045324420076601635,43.16499293641772,979456.7657991856,0.003350997985829409,70.85105143573358,-5.252858452244007,0.021586867898505835,-315.5237468663606,0.2013637821359744,63.41421382957368,1.8339432461265108,1123.0032951237456,-20.972451347136285
67,0.8021969807540397,1.8651851039985423,20.24840839871092,190.53506419560637,0.7371982563789206,493.72742982135617,-839.3186267404443,8767.656367617494,0.018192813049527114,-4.057565687536499,5.110474113131395,0.029870935043344815,0.0053194495124541125,81.80650413312819,466217.1646505835,-0.008089293723306636,143.05952146439162,-10.479637412624669,0.08240740786471856,-137.7645583477116,0.2586208348880388,12.626474156450273,4.052675461710326,1558.6423964504254,-92.10809342182014
68,0.07455064367977082,0.40775141554763916,-14.050884878024483,119.57911347892964,-0.5528083229610947,913.7428250443736,-813.4329759486942,3420.8174871590745,0.08617856210135173,1.3280928059379438,5.354622157640777,-1.9744565131326657,0.006400184933073734,-64.06337822595161,883678.1053035333,0.0024771864935314598,61.63663978854761,-12.482234297084613,0.06586438672728095,-165.48871125806784,0.1647063534322959,67.6177562075434,-5.251330632503874,1343.1673531726583,-4.8907925026346675
69,0.9868869366005173,5.908929431882418,-20.640815573550665,106.93613008751655,0.9264450788812226,413.4299203209703,-714.9048313061529,8212.573046720128,0.09461154621336328,-0.4789919560180067,5.287238991654082,-0.8518474673003489,0.0036249632083837293,-52.49133501522447,804146.9356524461,-0.0009646464252554172,131.74497084911917,-12.110474428599293,0.36298995499264775,-473.8032914679352,0.33021506487149754,32.5104015431699,0.24727555091581266,1729.173487549448,8.60491679153263
70,0.7722447692966574,6.775643618422825,30.936115547851358,110.07780013774267,-0.9756910506203673,562.5905402438298,-826.6264047052451,1106.3173695520723,0.037330931627975295,3.273423307252962,5.29630812045599,0.4677076735029688,0.0072548369751388835,94.27901880832792,610314.634888001,0.001732169263509482,88.06232934765801,-10.811064631880267,0.40889266492847254,-475.80823610864473,0.756751505688635,68.63271966860974,-7.915503943833047,1652.2916485919395,-54.45005277935808
71,0.1987156815341724,0.16587828927856152,31.011339467918077,101.82218256515498,0.9397576534152781,805.2877114670288,-103.23457537357478,8464.522917345183,0.02707446731435538,8.73659478649516,5.2336077510499095,1.924744712109694,0.008741101574702842,-63.80460945810205,764604.2883261938,-0.006639715845102732,137.79743204450693,-4.299669123258862,0.10675568315533596,331.69704367577344,0.5193858595039373,6.964114816240574,-2.3097734471037494,1845.6043629899068,92.80576943310274
72,0.005522117123602399,5.12093058299281,36.707231858010374,109.44429607559285,-0.9136801760988478,456.88850408914317,-919.7662543383578,1274.8866233198241,0.06439995432390158,4.651441944205006,5.042093189636362,0.5272541080666735,0.008018658900040148,70.87701867391581,890664.0051712131,0.004737474898883643,136.80566901074502,-2.1583062211953106,0.2529263464759145,-226.9291900271876,0.20488127415071256,17.48814371759594,-0.24665862757471224,1692.4928266692255,81.89092218744841
73,0.8154614284548342,2.2649577519793795,41.324055255647124,168.3006773416357,0.7822862273961422,659.8780302050861,-475.48861042974534,3972.8729056036727,0.04087341710980964,-5.701192428184864,5.017873934733414,-0.9607856757433608,0.0013565694281352143,-1.5444287103930492,463726.28948592965,0.007255941550864569,130.5925400117621,-0.8933062699214354,0.4203515140056,18.078766238815433,0.8778300781520408,85.57372589057863,3.04448519090945,1429.9310773901482,44.428647091181176
74,0.7068573438476171,6.451727904094499,1.1342398860937806,107.1188648460229,0.055402218172599715,876.1273378720707,-589.6031730103384,7972.953657795536,0.0025386355660344862,-9.376337298774306,5.987722389736032,0.5360228123984454,0.005324562525320461,-50.55378511936459,394329.8454069148,-0.005665203998184487,129.00304363070614,-4.261932274894098,0.3664007723831253,-201.27442641122695,0.8795818549515292,22.71795570235149,9.010621051724069,1672.9666223944323,6.677325753072523
75,0.7290071680409873,1.7436642900499144,0.15162946871996041,131.89756302937613,0.9859295922386007,954.5685612918779,-17.621383091393568,1499.1742734877378,0.015615259736619036,-4.754719114003498,5.427773133735863,0.1599415188634219,0.001944371605763574,74.14998025450228,700834.0470072263,-0.008085708889596765,80.46791390980408,-13.691862085039745,0.27111860274592414,440.67924511534056,0.8705784250460069,83.704112524294,2.013021330967117,1275.3811742554185,73.99383192953698
76,0.7712703466859457,6.90937738102466,29.829517896677515,184.48753109694547,-0.8524068705292023,232.36613283613414,-887.9610978319477,2292.5139523264147,0.07159722288473976,1.901558614005097,5.384326647159682,1.1193815806045744,0.0031784051427627474,-10.938948999466902,827061.3477471328,-0.009527228279073272,58.09192830512522,-6.237305878269158,0.29517384522938644,-240.70324113422623,0.23879621138153928,27.927608845441043,4.871878323531195,1306.3134987782128,-73.86953123530742
77,0.07404465173409036,3.867353463005374,14.996393077776517,102.32719357358259,0.10770856880264157,933.9288626453449,-602.1444009542583,7222.525683930663,0.06589239419101514,-8.971483730314993,5.67964728269307,-1.5720774446921664,0.00987996333940432,2.9634707859380427,786056.6212989541,0.0028394300088653204,90.29801787651616,-11.247937518892162,0.25418027345814,-70.34318726106494,0.4512393441809881,64.28819100587077,0.12532118990405472,1788.9851599207932,58.101958854977
78,0.3584657285442726,9.367299887367345,20.19668772577033,181.44684825889357,0.9386050712381979,542.9046637715844,-30.529566724631195,7200.365365460743,0.0027095992503483493,-0.07267505597527268,5.218253887865064,1.044111610008112,0.0022824598861136192,-28.153326120046856,818032.283972771,0.0021418807217756155,67.35245149865086,-14.906587559078977,0.1487742256594103,372.7302504846018,0.9849896561408751,69.4150573509831,2.682080627526627,1446.4195164015823,-75.03583720663033
79,0.11586905952512971,1.3752094414599325,29.579266943610108,128.18547747734,0.046195688340297636,332.41994946906254,-134.4928741060197,6411.476328852973,0.022197216193294945,1.9368569783377847,5.949961183950226,0.1650663147044411,0.0054899933810622055,18.590170286985483,492024.9833316397,0.0009339482542814002,119.49510889024617,-3.1825684114815473,0.28251099642950805,341.93356679180863,0.7720124763099904,51.265475314505295,-8.581355677324531,1798.3803405183526,58.84213250988108
80,0.8631034258755935,3.410663510502585,39.000534181756635,111.81648276216562,0.25879727627052507,513.2221806144352,-182.92792905072008,6939.484444671,0.02310747965880714,-3.315122183660783,5.786345014415552,1.8519680154359786,0.006563401608863073,-67.29522548299545,836050.7945575195,-0.0053610580776804915,84.60997265377856,-19.2314730207535,0.34444265102504534,-313.8985821537227,0.027167421225559818,30.531067669673128,-4.91216838316306,1822.4223736682784,-44.84648634972861
81,0.6232981268275579,1.1347352124058907,-16.20048431484642,169.67371653641507,0.39149737796923434,982.0293177569293,-742.0971729550602,5427.244433475962,0.06718927435987285,5.418244074916439,5.08941100231226,-0.6325113358452557,0.0073221847348969365,-21.783692669647863,208188.1498335476,-0.0021818800818897074,147.5610200859915,-1.9647601572915292,0.43666145793040384,302.64330979571037,0.06520459126049205,21.264437637109612,-2.762938135897226,1857.562337661284,75.4181162036378
82,0.3308980248526492,9.246936182785628,-12.441704736005597,162.8942846779884,-0.09091787046445354,543.3562845935826,-829.1124126099342,2517.9905890695277,0.0019710537754364156,-7.868034937324564,5.417580775784929,0.5304875725357925,0.006036838151382227,93.8824644670575,590040.1881647645,0.0018895267037234605,114.0972077345332,-10.770450707505317,0.31814567698962404,-41.81311326210732,0.46393137681233276,3.318935456242622,-0.5501328998697286,1916.6352358412073,88.80841876507958
83,0.06355835028602363,8.77339353380981,-40.6018060159131,187.7472013527053,0.2551161601681269,395.8764492587574,-331.35678007556896,3456.9599350391945,0.010410858198457384,-8.497244365283825,5.879118307562164,1.7281124220400699,0.001087937626772653,-48.373313459774494,105182.79444830942,-6.466282281661177e-05,132.2480563634361,-7.255970463834391,0.380560768521579,-17.0311279146448,0.9092202058615602,30.39464012407238,-9.087025089952325,1430.985220513296,-70.24080611897688
84,0.3109823217156622,2.579416277151556,7.828014099617398,173.50710438038857,0.16862862384620048,670.0607688850532,-70.62401087241426,1815.9771680142567,0.07999160853731895,4.563775124072066,5.944732022291411,-1.589961088037283,0.003938151774195927,31.347332908258437,392127.24691024324,0.009755710404297747,63.252467274184845,-6.812921555884346,0.0800358174772865,-366.5200275840562,0.5387017979527142,65.3162790531283,-7.199518048933646,1318.866818321139,-7.464878986921292
85,0.32518332202674705,6.59984046034179,-46.40577262032579,180.34809303848488,0.802316020981978,316.1310569003738,-443.2371069860702,9084.505613336283,0.01785446620543336,-0.09017367587603076,5.46740151124987,1.7489139489458045,0.005659404790462404,-34.961987155061024,429815.3813842581,-0.007271204948865338,136.20144822726226,-2.097645185869272,0.23077873720989495,-419.3984862428754,0.4978125080342902,93.83048184484826,-4.463713844173885,1582.1987465941138,96.19747563253702
86,0.7296061783380641,8.172222002012159,-3.4401981867539817,128.20345725713065,-0.9091072393170843,168.27699529779753,-428.3873105301002,5833.917947661204,0.06527461078518747,3.7680479285547204,5.613411389210707,0.7515428892032534,0.0017907984923035002,54.694625137320116,456555.42244832986,0.0039028910809518758,142.27571905133942,-7.266606356655853,0.004665809913546648,227.93930697376516,0.10547369995663058,87.1204482263052,9.430653818021014,1371.1724234376275,-3.3185128053706734
87,0.6375574713552131,5.5520081159946235,4.264463470757661,117.74395437797229,-0.43807362081553936,215.9917497195843,-720.0209063397158,4008.5141676363987,0.023818278104672654,-1.3034532279250755,5.167033946092075,-1.7286517635793124,0.004155642380882627,-73.82526785633004,725920.486020876,-0.0019136246379141582,98.70619188189359,-7.721328304798764,0.12333943226081151,-3.5388476447002404,0.656780104724294,76.60647765353026,-3.373059857938985,1601.074166800233,72.70950450290903
88,0.8872127425763265,5.296505783560065,-21.34587478717156,175.06147516408583,0.9008229681531175,215.2412550619952,-230.5070668080631,4620.058036441327,0.009944139275934516,-5.071959335217864,5.991168626136977,-0.796145732212735,0.001298827979122299,93.96420901570895,449702.2911433112,-0.0014360077014877043,110.62529377509775,-18.6669591887862,0.3632308575565024,-63.14929738482044,0.8221031606002255,78.84473432532987,-0.3591788377583498,1705.5858626438246,17.746304426263976
89,0.4722149251619493,2.418522909004517,9.083326056901072,180.6834739267264,0.7805275677818326,236.71242416106492,-812.9562514424766,9472.833396118152,0.02431721909994541,6.382046353483993,5.231671701383443,0.8326883545811263,0.001707206474395187,-9.242091723272154,503824.2603602776,0.004351955313163524,126.48098009029954,-9.63183956109592,0.4959049756746817,229.50822865239672,0.38042000750756233,66.49849034759953,-6.078045745232141,1688.4050184921368,-24.934018416079624
90,0.1195942459383017,0.9310276780589921,-46.94997500609506,199.0505142000673,-0.08868649442857413,224.9444553844691,-676.3207635957563,1533.514031160802,0.07222669318556592,5.988317579379585,5.942731774135126,-1.7305975941249132,0.0045723094858143645,-52.78990733070721,313789.7177868947,0.003848723026487392,67.48386272604125,-16.996619983659166,0.04958904979360795,265.51289899110975,0.7756118509253275,26.0286857566003,2.215601421515366,1374.5528870201215,-42.84328889482596
91,0.713244787222995,8.972157579533267,-46.265181125078556,141.26176769114267,0.24026519560307347,676.7872703228932,-574.5635613835832,5862.298320167973,0.08556964681062858,3.893929417088536,5.649646648992368,0.3286818407050931,0.0021944417863875433,-85.30065053399747,435926.6124664061,0.009825119874043766,100.25660764634424,-5.2513246255702875,0.20074715793064413,-341.0918323306464,0.9644766539008116,90.71950307058299,-4.386335689680514,1166.860201698753,-59.355381782782544
92,0.7607850486168974,9.004180571633304,32.26005606596583,137.20180857927832,-0.44523763403773464,263.69207595923035,-492.38962131554496,5058.88678884466,0.08302198645669917,-4.5570972554007465,5.607736794878859,-0.6164677721881731,0.006107867634354024,-66.04841898249185,304542.6645368363,-0.007432114210917495,89.86630277723131,-9.75556158374651,0.40003548434957975,110.22514947764125,0.2037664591276891,67.0732311905834,-5.8601484312314644,1430.5293384622075,52.35963827553945
93,0.5612771975694962,6.33101457273268,-13.980935858873714,177.6412960741997,-0.6237576805524774,411.1005549914769,-757.5902675849197,6114.5423543464785,0.039718352961845484,1.804613337381742,5.512688511016509,0.48366207106990844,0.007205184722235392,3.9547897112035315,165876.33139159926,-0.007917807012316674,64.6373992162249,-6.395444415832934,0.10201781731444942,-364.6459177223145,0.5233296311947413,56.04406309804399,0.3314525689195804,1142.5941440819088,-22.691898635394423
94,0.770967179954561,3.390297910487007,-37.29394873481152,134.0803540253018,-0.07260319012003569,907.1095689154106,-885.1631752607965,181.1018382084051,0.06680851365706462,-2.7805220611994645,5.230669811717759,-1.8170318647499486,0.008205280291981747,-32.599364713742744,643103.7340432401,0.004486776342574822,86.75344222915314,-19.166541987952314,0.2775424746511431,251.37508602904563,0.28713795808457554,11.098946921348107,-9.889884016791584,1890.0970351838082,2.2550924401502357
95,0.49379559636439074,3.492095746126609,2.2243260054804352,193.07573256035647,-0.29329554394789437,526.5654762365851,-389.37995755836744,8721.239089441515,0.020498429541582097,-8.168358533467316,5.176528032005509,1.486147224609505,0.002801352198203291,65.77667317652188,701391.5186995147,0.0015677383401281816,56.81723093854936,-18.304159679083934,0.3665356480148374,156.9551562671395,0.7928544190338394,44.70555438064254,-9.846719347015494,1345.8774607378573,-1.534903999763614
96,0.5227328293819941,7.259556788702394,26.999355309861087,185.8412751843012,0.16731222370174414,700.8019646689245,-711.3694467597443,9321.182824836123,0.029314773026101328,8.346271509244858,5.220486209070176,1.8939558767095876,0.0025073432403316283,-13.822495267638814,657541.311408653,-0.004516786668803883,52.581190694948695,-5.673532238746354,0.3079927251300895,456.6146210834579,0.5775933658811575,46.03582712019263,-5.6186238179628445,1154.4597472233238,15.455805846626248
97,0.42754101835854963,8.971102599525771,-28.417897250315683,142.89940273750184,-0.8445307260700303,255.08788408146685,-418.76177857738776,5651.33183589209,0.08963358185211198,-7.263627381620772,5.186438262144255,1.875511421142766,0.0019411105630096023,-50.257145482474016,517144.6394205151,-0.008411612620220268,63.51662891548227,-18.558313280026532,0.09401236730770807,-431.0419836435788,0.6345824175503038,86.45636095226699,-9.265572749983576,1025.447759905751,73.11542912491043
98,0.02541912674409519,8.870864242651173,12.289047581900029,175.08710677914974,0.948789615332333,273.06011692780373,-845.6372847257977,6966.508238768923,0.0013001923510736037,9.004747076416049,5.779584473566754,0.9986073269716988,0.006727872245892731,23.428997320806005,441807.2021613068,-0.00828683500807139,146.31151115891737,-18.57486544469483,0.1776922843428697,-442.94527884874566,0.7979141596158941,54.66482201877885,-7.839484917386173,1645.8223862864843,96.14786871668588
99,0.10789142699330445,7.798755458576238,-41.4652535006232,175.45428740846825,0.9724214889592058,136.78175463983098,-518.8598981451826,9224.993811772956,0.008550853085446808,-1.0798845408408848,5.35012525916673,-1.4796550394774721,0.007358281538382111,41.35544337708916,877000.2846146427,0.007883817493282366,104.9529535895017,-19.75783049530225,0.3918958922426986,-217.81292530679985,0.3959704726624549,38.04005489704097,-3.222787013224968,1636.9023174547433,-18.483158285236613
